,0,1,2,3,4,5
0,-0.5651747572900805,0.9689288069908051,-0.4699205112265683,-0.14902394737888836,0.6311853609864619,2.9538866606192045
1,0.7935292960645994,0.17862286527633864,-0.20483778217335802,0.00956357047062073,-0.1588429047238431,2.983202991331068
2,-0.4372618068650329,0.7857453578005988,-0.5668529686949269,-0.9611059180755821,0.8690295510162864,2.946009258412185
3,-0.2957199507164239,0.8086924012971,0.2539489859717978,0.0446194961676043,-0.40241710505143513,2.3212313741266812
4,-0.7242636412075991,-0.9199398041661226,-0.29324891704438083,0.42988467292460686,0.6575456067644372,3.820307448200743
5,-0.08277158193179579,-0.6425017231112264,0.7446958785100555,0.3927115080430974,0.29447528500171516,2.717936652892573
6,-0.2507153888092817,-0.18348155332841531,-0.512093713263887,0.20132056543255894,-0.4524835517172283,3.4720842210157636
7,0.05720028453070847,-0.8261536712981621,-0.2109879151373295,0.5768469457934904,-0.7188727193873956,3.5561164880149736
8,-0.6253417970777233,-0.44529170624015646,0.4565817754430179,-0.511568069234585,0.21359614215287226,2.6696910412050583
9,0.3766306261265391,-0.14780559990159592,0.02584962925626444,-0.29074121501093764,-0.07024341340323059,2.8873235548995333
10,0.6375896576879616,-0.7337899189266033,0.324288697719449,-0.30583395152717574,0.8718308751795372,2.9895659996855826
11,-0.5017578866381307,0.9553752414509766,-0.737027931201053,-0.8030228413933369,0.5061463142740623,3.015852280024465
12,0.07597185796174788,-0.6407369036842387,-0.44004402045078117,0.5098894259864839,-0.17637345478951905,3.7128085031009896
13,-0.5981095501389952,0.08430620987133142,0.44583359505640163,-0.2211574896374353,0.9905342159598995,2.59169722498964
14,-0.02449992596585715,0.6035475367554965,0.21527027878654392,-0.14714886469592003,-0.8489758314307398,2.3415823717080095
15,-0.5395118579754132,0.3252466896526012,0.3835649679064006,-0.8238285091484623,-0.03197786990685758,2.2714508163809164
16,0.23116582741183045,0.6253891795433972,0.8682885092591457,-0.3017654736624489,0.7181322504496888,1.893119316397993
17,-0.39110820814538694,0.7770595087616843,0.6494712999348651,0.518455869134411,-0.2714197400613929,2.1269565527701233
18,-0.44271911228431504,-0.7244853119796024,0.6956809098588899,0.03716344667046667,0.5560481985042225,2.75544519166353
19,0.48160433169503025,-0.027545681586697457,-0.47868003589076147,0.4885787375865147,-0.4928965263475771,3.407096905025381
20,0.4526771098478348,-0.7171083464030195,0.8493318192467465,0.21521801232788573,0.9084591093143708,2.665422975728167
21,0.8476165263178377,-0.3257412373977946,0.034424028599535195,0.042378764514080514,0.6625269201083765,3.105679270327676
22,0.6452849553073459,-0.17848593420699688,0.4361584539778167,-0.32683073206703606,0.9885016854456194,2.6447415306769355
23,0.2185654525460501,-0.05253239529578835,-0.8176731500308887,0.49539935624750187,0.8654444607545699,3.8764163278348196
24,0.8500634397566014,0.6685549139035696,0.8814981835308402,-0.7532038636952259,-0.26101356654882113,1.6174622601558486
25,0.10799667408148883,-0.8658188912984544,-0.1054318557718088,-0.09723976482670471,-0.6604637079026772,3.3234236957678966
26,-0.7531274241615451,-0.19484541244922204,0.5537964008691763,0.564321283090045,-0.05488430473118577,2.7071164236588996
27,-0.527281162833642,0.6615457300030787,-0.7532940581154328,-0.0630566383150204,-0.022732623052785783,3.28707355111679
28,-0.8966737351926508,-0.0819463378758134,0.39071745645317724,-0.3190772159602382,0.9568268228349719,2.700444974077273
29,0.8625116207282859,0.8950299310501293,0.294899103908993,-0.35789605121692114,-0.2833696859149608,2.1145290061823294
30,0.14178546316936114,-0.7574877425854178,-0.3081264910914472,0.9674888160157809,-0.10577648526957084,3.768815394336286
31,0.34810656130086803,0.1716654353648841,-0.7065543826803731,-0.33240849288441443,0.5017617548635438,3.4297021403371195
32,0.9462453233455543,-0.2721954733842371,0.6267911563011106,-0.029086619419639304,-0.54626580304539,2.4113890327822096
33,-0.5158835765078646,0.9596291508192485,-0.0968274612691018,0.2745877813270372,-0.026026294990277865,2.6625619164668004
34,-0.0005788755976023907,0.4717340671561219,-0.5351760124616192,0.6520574909165782,-0.3419937481398503,3.3024328951500626
35,0.7859079303275176,0.48424929861741495,0.5701567103901177,0.9094546111228421,0.05403220232636863,2.414265392785184
36,-0.16351317538961418,0.37031489855648947,-0.6093694046458509,-0.9323562294063987,-0.7516840352458296,2.988722466834384
37,-0.8276635595176314,-0.37166102831891457,0.39626253685967083,-0.3988015165361014,-0.5073579025207555,2.643073750787406
38,0.9223139910518685,-0.494010541207033,-0.9610885078114488,0.48308483547027725,-0.629673759231473,4.005162084324338
39,-0.6285188720119352,-0.9937031442284374,0.33647861136019874,-0.8394605813240219,-0.9430915266387185,2.8171389198949828
40,-0.47140961733087217,-0.8398762629625884,-0.1608660807481601,-0.26248798634588977,-0.053481138252241545,3.4106234515487475
41,0.22537863733907204,-0.3839124818847923,-0.5019441085898935,-0.2277919531149306,-0.3650424500183378,3.441640959399048
42,-0.343518967393015,-0.4251425758810514,0.13128081536380032,-0.09427790146156845,-0.031181676081718068,3.0049393616681583
43,-0.5312850866683501,0.91581607184206,0.20038575453835916,0.8433159073124574,0.5856453830551638,2.632637947101897
44,-0.8956253735029349,-0.1783448134661214,-0.45297784282070097,-0.8200127841886538,0.7961564059122419,3.3357650249523005
45,0.17722288335269076,0.20274943693698466,0.2486026320928123,0.8043060266937518,0.3533240834535474,2.854870366842522
46,0.4165162052197411,-0.9640268008319841,-0.11348412106387684,0.885190551204982,0.24852350459993522,3.7037290101102123
47,-0.8625366124101894,0.29934483922602007,-0.5422618997742872,-0.46469090100065147,-0.35127972584508593,3.150087247183134
48,-0.9277025373266754,0.2894576196613392,0.05784954914167506,-0.7914215183668731,0.7077469854928469,2.676366378686337
49,0.9891659722812309,0.415734668835553,0.6631507037033235,-0.09475852071977031,-0.20614820109802467,2.083628274666091
50,0.13336908390221502,-0.8311320717372745,-0.11104028587560033,0.8586970050996603,0.20869923268700674,3.6410202754742773
51,-0.34136751908897733,-0.6554401890421635,-0.5013063077705244,0.9846229104546584,-0.9048931085484984,3.8235730790784777
52,-0.6411156582035786,-0.4590597408019621,-0.1010910503608593,0.004180299989925862,-0.515762582002979,3.203654275389413
53,0.05682346674187522,0.5269694238130214,0.12572096699922408,0.3824871172233588,-0.7816387315083781,2.5874736566718886
54,0.5579078716337298,0.9104068925286917,-0.3862986416300278,-0.7485841606749035,0.6939656646969539,2.7240807964822418
55,0.8058441707957604,0.12363515602167396,-0.17457310975822438,-0.2435826786813462,0.8260252304816931,3.0303236991255913
56,-0.15245179198752035,0.6469543032893244,-0.7505345448019602,-0.9271317400613772,0.8596576315719455,3.1646756608662034
57,-0.4037471202323586,-0.013333037919358137,0.48427534116442006,0.777927463247412,0.2444131814926893,2.75509000321283
58,-0.7916895857289492,-0.03612598434059611,-0.01569334948572365,0.43640365823939486,0.6346947007635182,3.1749209579567914
59,-0.18853954081544289,-0.7916789869716971,-0.3444552094595039,-0.0010464065160245006,0.34288950673489804,3.643938360158854
60,-0.5833524576679654,0.34719440855003514,-0.4734072960623077,0.9523625464653562,-0.35051893145306523,3.401934043362611
61,0.2597343010842268,0.5147572921574404,0.4550669807539349,0.5689647119236882,0.912413899329434,2.5343607126821044
62,0.6431023626591661,0.7333308486407999,0.7380444246319375,-0.1854035057276433,-0.7489094779303334,1.8038739995033006
63,0.2378125735895511,0.10639887835389472,-0.364301785354856,-0.2953216871733244,-0.38443556077002006,3.0776761043868204
64,-0.5455606559350521,0.24554940321219498,0.17122419405478673,-0.5240334561506819,-0.05090574872922482,2.563120900542917
65,-0.04241810920923039,-0.38694758787254924,-0.9393878529383939,-0.7673074304587204,-0.056470274725318514,3.736054140509557
66,-0.9894619626223549,0.8487860741333964,0.6780396320797193,0.8700889330014041,-0.06172300331454905,2.2024125010725806
67,-0.39441923216651875,-0.5823119062135784,-0.22626530482726337,0.5541483673240779,-0.6609563496213569,3.4763729382976205
68,0.037256735321585355,-0.1188564518114521,0.5761042467868813,0.12973480048964214,0.15200858667431194,2.538235976106436
69,-0.22796085735300298,0.2366160654234779,-0.805620657013046,-0.275211388495916,-0.5548875367688009,3.4047223513317455
70,0.18724747242723305,0.06570020492783835,0.7155828825130066,0.18682372026631544,-0.6514159469545397,2.250474275254363
71,-0.15055901640710045,0.6842125072372731,-0.38624493609824295,0.3223098129636359,0.15321720516794213,3.056865986654077
72,-0.1794756886048159,0.1674976623613169,-0.22538723353767165,0.4496692108896365,-0.8342516545031857,3.0770638085396755
73,0.10350451615906597,0.8535207997939183,0.12162207461436725,-0.7309576149790067,-0.5779107573333442,2.1907683413509806
74,0.7329115868005569,0.322020222280583,0.6938749212953097,0.3943981637052214,-0.644765588151315,2.180472369894007
75,0.5621556414454381,-0.20926209304626342,-0.7770213521591269,-0.9193196289208092,0.4344649241987142,3.50707361877044
76,0.4573467392975368,-0.07355756065725094,0.635051503468695,-0.9510163907519074,0.09337988474586245,2.1798520928455685
77,-0.9942611579122074,0.3503057277881856,0.13329735929858688,-0.014961701816548656,-0.5998279088314751,2.62840067888556
78,0.07885564115135302,-0.14157927555482797,-0.6243363040049854,0.8445108892725608,0.4119087151107288,3.7897989277185116
79,0.7589199049744901,-0.8077739655977325,-0.7392958696105016,-0.9682437245024873,0.3170040743274225,3.716824067842431
80,-0.9652408656086042,0.416715914369973,-0.20361509319897775,-0.6920196128173581,0.6429832305288916,2.8627501024391955
81,-0.38094948654917404,0.5913368338204086,0.29007667124824166,-0.5523168238666802,-0.9745972879287006,2.184222314526072
82,-0.7692180756015763,-0.4824393923235353,-0.6381171650972588,-0.1816601285217352,0.5589570586558439,3.759732971305664
83,-0.3314268382487371,-0.1483706951581385,-0.2205629547155099,-0.4094269088469662,-0.46918674596365495,3.0562193015636865
84,-0.9432856717962246,-0.5328829037418017,-0.374680288521938,0.5630670855557804,-0.4841675791349691,3.626341900319236
85,0.3971160127098705,-0.45097182198330743,0.9007786243004383,0.6288752072425612,-0.9477420910131844,2.393732128726694
86,-0.927030265411652,-0.3699797517149972,0.16673830073452445,-0.20874903039623005,-0.03448432593574258,2.944245553696421
87,-0.3757929796637296,0.20238708518916604,-0.5577039672173747,-0.8496419970954499,0.8753250239780968,3.231871191920346
88,0.7451460813233417,-0.7900557687889003,-0.7829261169086994,0.43186985040095505,-0.3955349005222053,4.007962125172924
89,0.11349718913665852,-0.38174118098098764,-0.7438954412472134,0.9547164335182095,0.4512984247922911,4.033695152976411
90,0.5050679493887427,-0.8531700976044823,-0.18944381139417188,-0.34158423125317583,0.39700493485698596,3.4330898973597614
91,0.7800907941020976,-0.39581499822794397,0.7646756404657638,0.3420013879729664,0.25065613748127435,2.534940149051481
92,-0.30071066368848665,0.2106551658169291,-0.8582092551777809,0.8695832914239674,-0.45909020061361683,3.75437320866976
93,0.9291274178207225,-0.29741492679282033,-0.5585406338142906,0.31399164403407376,0.6967394312646098,3.672883570936581
94,0.1694989127105624,-0.8434823234485713,0.4557571098337998,0.9069465276488444,-0.8884577012550587,3.0433385109350377
95,0.4638148957188657,0.347348510032935,-0.6518525113228737,0.8951593639205986,0.3929762312443741,3.5832545405177005
96,-0.7262524753045556,0.6762326701893335,-0.3038881391961239,0.11526219443364338,-0.013681726890009571,2.943476056689149
97,0.00780116467307046,0.13817038814946736,-0.06227840221691405,-0.6741718883636556,-0.5331832797998006,2.7019535894601496
98,0.22331068224969952,0.061309846252941114,0.16384605832322352,-0.8239627824905997,-0.19580591514718515,2.5340064111962333
99,-0.1967839119110386,0.027316647130908533,0.7737783485903988,-0.5514628795653322,-0.8041275944729414,2.0365973055738307
100,0.8098903441567309,0.06568097957616614,-0.3766069433597812,0.6054019612682635,-0.170122079758112,3.326994429166035
101,0.7433153710692468,-0.43835057515605813,0.03979434766852674,0.9480126786284369,0.35369618305325257,3.342856609797095
102,0.025261765074074738,-0.024129472590033174,0.9308120651549341,-0.49899624149916444,-0.9600810770533321,1.9105843110780567
103,-0.7417198011184756,0.7619102665362432,0.23869588035394518,-0.05286788244285545,-0.7451162871686188,2.3119967194351165
104,-0.8482939101440905,0.8353574909034533,0.5691469828274549,0.02393274262536793,-0.3401349476582183,2.060229790914173
105,0.21529148183484081,0.7964417437160685,-0.03322301923223714,0.46209699195535925,0.9032701914491748,2.8024789963017414
106,-0.46656479988069033,0.5564164666887232,0.1316914565935372,0.3684589616751215,0.2182161030620382,2.6983153542171037
107,0.9595436698285729,0.560226982508927,-0.3321047234568606,-0.18669301132699734,0.5099492371209611,2.938144228381958
108,-0.43759425678074826,0.03641222548669609,0.8237209566792829,0.6738624554278572,0.06077249701312781,2.3936847537640653
109,0.9419273788888436,0.13246622523709206,-0.4012412710388946,-0.6807800730773717,-0.9018726639784731,2.917550434884419
110,-0.6565749188758521,0.509574238014592,-0.9962749203946042,-0.7234731814209729,0.7446184203532245,3.4978529244128995
111,0.007522688359227203,0.745573310535717,-0.8064336577568538,-0.7010215702053204,-0.7018162366799348,3.0416619753061385
112,0.14111258968718743,-0.19377759822882323,-0.2500202654019561,0.5176743413603433,0.44605255842158753,3.4113666975223387
113,0.9717743148249456,0.1500117341690239,-0.3929667344470609,0.05135875362544251,0.2865553483906389,3.2120804697222134
114,-0.8552462274662038,-0.5666705209669265,-0.9797674291948784,-0.4130863900581112,-0.2249070074772579,3.9539837278215932
115,-0.8022768845620394,0.2826675425860188,0.5841479896844362,-0.8254566998170736,0.3767904841652987,2.173239754465212
116,0.3784701307707552,0.24305103849861287,0.23432567671988758,0.5099057747295102,-0.8908513404610836,2.629819702452545
117,-0.6744658969725574,0.3082136497899348,0.9300645483969263,-0.8832499622237933,-0.027839577379160874,1.7973698116723913
118,0.9357851326974949,0.48074938929691946,-0.04448272056975644,0.6645324348647028,-0.3431465601953918,2.838233778884183
119,-0.8171358328962977,-0.43809026148496244,-0.9388585177592352,-0.367181522259838,-0.6885671192606655,3.8171610222731305
120,-0.06714336776085972,-0.5632447468762305,-0.5618848900641937,-0.40554443415195585,0.9064985704186455,3.6868550863934475
121,0.6215605644965239,-0.8542167729115495,0.42647311458851966,0.24043919935943303,0.05237177252089009,2.998392083741024
122,0.5954057825670591,-0.9591869500853984,0.19415744785991973,0.061413819916812606,0.18382880819114011,3.2201400965512774
123,-0.9756919044819317,-0.6984035158675868,-0.5435145280271783,0.9140943046193641,-0.3243553471533962,3.9533350866476757
124,-0.3751853284275053,-0.6472913263706772,0.4605178760345787,-0.7932071301128019,0.9978448940756417,2.768281255119694
125,-0.011499363352108105,-0.7702234443737606,-0.871454398317143,-0.2775359879503525,0.8169966615743789,4.069141825705668
126,-0.4132925801130489,0.023419442028014936,0.4460599363118325,0.991202474559856,-0.149665225249777,2.779489825149221
127,-0.5245317989607712,0.9879551967462716,0.7330459929132129,0.989776557137116,0.16070556959827287,2.1258838584232223
128,-0.054977091321072535,0.020673404370775694,0.18574663505095446,-0.3128296572040081,0.005433471688041314,2.6918452824372454
129,0.0378651886726602,0.5976095034720734,0.2099293210063249,-0.692647303935638,-0.8687888789045037,2.211497861950334
130,0.4389671877999761,0.05397673856420071,0.4129176716560119,-0.9299034733706613,0.57601673181914,2.373420818414329
131,-0.5085174347935997,0.7985466021750245,0.44806596452229996,-0.5077322608043511,0.754061559927578,2.1612961256834544
132,-0.1739721349589285,-0.42250914890120095,-0.605392281579969,-0.3520403856971135,-0.99047798526763,3.4650258787718693
133,0.4408342579646036,0.7035820210977355,-0.30927990934634053,0.5002485622354425,0.23374819709059502,3.0096331313522398
134,0.541393990811432,0.3527129633226158,0.15290065795605878,-0.891266413392223,0.9378335826632991,2.506883549908408
135,-0.09307475496488071,0.1726855738585007,0.12717434575382547,-0.4777371957086831,-0.7255487281036819,2.5523249595004875
136,0.015552463110519499,0.7922579330727917,-0.3669529685887516,-0.023560740621652698,-0.10253397419324717,2.870974318598668
137,0.1334141643960558,0.4859575412837629,0.12267363184896452,0.3612583380792096,-0.9659244463201757,2.580117524046015
138,-0.6780408915632143,-0.11225142839057067,-0.8275088580227226,-0.9033996493339118,-0.08882803028840192,3.5017366160054255
139,0.17864572279600788,0.5790799649813612,0.4766856604170431,-0.32674867531812435,-0.9502428270671961,2.0631608688545757
140,-0.03479721812996894,-0.1783137717407406,0.603398227761966,-0.3824312336684006,-0.2808040994177128,2.371886385637637
141,-0.9362027641317046,-0.1620202448214334,-0.6842696819442387,-0.9326953704183618,-0.7487724677395478,3.330101977724564
142,-0.9370398356027181,-0.28047130234807827,0.3817235503445975,0.06352057894805863,0.5054168635612193,2.8438338193631507
143,-0.31530674581598594,0.8495099376941417,0.08259082531745476,0.5661971913520722,0.9354466645985566,2.7281392795290076
144,0.7149820314443205,0.7166383156792959,0.5210000363239671,0.6737943157622748,0.9400452100879888,2.3945058394766408
145,-0.902002787501859,-0.2990389077399118,0.7493549716338448,0.3826910566614672,0.5830122101264714,2.618829904439245
146,0.324622106474024,-0.7943727364587732,0.5978272620657223,0.29344501139324075,-0.7976158963617395,2.752304391978853
147,-0.4179437263215606,0.9734763716921546,0.9280833524494045,0.4630322567220211,0.6800106489800419,1.889205876464351
148,0.16938262367611467,0.043953730594880946,-0.022061796883458218,-0.36503500443419323,0.7272563934149923,2.920060925199804
149,-0.10719185909067308,0.5837265825272346,-0.13415860545096958,-0.4241901390051248,0.3276262660249152,2.720888691694452
150,0.04737352227709701,0.4624397947069061,-0.6254244924308601,-0.4824890568005715,0.8840412116107617,3.244019421292532
151,0.3901674758749274,-0.815817531733702,0.6436726922892815,-0.6329562971672167,0.3296166795113853,2.620471670436288
152,-0.09373629483228307,0.9649542383815046,0.08783094118560375,-0.612833087246279,0.3986206269182182,2.3146608155283888
153,0.3954073742646056,0.7404278533586801,0.3417304984009246,0.21176953172872426,0.4489595544029201,2.384479809425616
154,-0.22365433947912727,-0.19606228760831734,-0.9974606116823259,-0.987466014295215,0.8235038433181523,3.750679126563231
155,-0.9155272343201644,-0.7206915684672217,0.2673628334825351,-0.7657478317149522,0.5230289089576681,2.9448423184004855
156,-0.46656344833200425,-0.5405286721625759,-0.4033010073169405,-0.6562095640996155,0.8749111571152468,3.4906912099593486
157,0.2877266892192365,0.7527582331555458,-0.8744994389233032,-0.6256181875342208,0.1899891249273138,3.204024003765591
158,0.18117304879939278,-0.2618059554303729,-0.6172999465997975,-0.2881530005885198,-0.4099357627273992,3.467458729109868
159,-0.8114258793639251,0.25073237039563434,-0.41669526663516976,-0.5533867276449063,-0.8378022042190132,2.985647696593862
160,0.6211886004011136,0.668470976371796,-0.8399104382781766,0.732644125525562,-0.041720337726669054,3.5038696190338596
161,-0.6466064521735,0.5687001069117952,0.851863563260826,-0.6346795716982814,-0.9695581948471848,1.6992888957711936
162,-0.32067820521784185,0.3461881097597561,0.09833986235861403,0.27662999966835633,0.08226797251874696,2.7805053292678847
163,-0.004130723850709783,-0.7861789023505779,-0.18924956726813136,0.03656787168074915,-0.030500245690192163,3.4669028132484567
164,0.19667856007678264,0.021529059300334552,-0.5208916433357076,0.4650893213339129,0.7657005886341977,3.5676159192768893
165,-0.4189293389202293,-0.518802990604035,-0.1623029343844964,-0.883677126188599,0.6722718127775018,3.1920147716034544
166,0.21737442298150045,0.3496228215494299,-0.3715135061826127,-0.9665997569566345,-0.9578316978726611,2.745410407510287
167,-0.1682780650797373,0.04101310754550913,0.09453728074129408,-0.22335284184938464,0.9433685340921447,2.892712567023787
168,-0.9795269946746683,0.15007371105368028,0.37910392389155634,-0.02868235452319645,0.1788721992120743,2.5907508126693384
169,-0.32476720277268356,-0.50480937502527,-0.03973919873699705,-0.7354690310099714,-0.2036098972899838,3.0137221809116186
170,0.741604570231172,-0.49581992115651374,0.9874900473328321,-0.09908707278621476,-0.4143175935740644,2.2078613932710467
171,0.6831548857897216,0.21974482635606218,0.9735681329573835,0.11533924762630421,-0.4366124084381138,1.9426621862276785
172,0.7599682428494088,0.07669907860392633,-0.4721294732558796,0.2909758621890266,-0.27223444747768477,3.3187814563095586
173,0.842166300546066,0.7898996941626397,-0.3228095215700528,-0.20590837273932805,0.7083868495653252,2.84666303625362
174,0.9086371733143193,0.77814821926555,0.7196674641865561,-0.7253637994747131,0.7480721366699086,1.8244322997963325
175,-0.02881675162373476,-0.4822035893592722,-0.07630764229173592,-0.022073755567032505,-0.23786144965992162,3.1927331252324898
176,-0.02610168554552561,-0.16880388956497727,0.5655122212300396,-0.5808273803839381,-0.22429275456225017,2.3580300455712524
177,0.5439566417006161,0.2870500454089122,0.685836607782033,0.750182334283882,0.10943497260836921,2.3820530675780236
178,-0.9323520431707355,-0.2695961102120725,-0.4864714298118531,0.1460342750619057,0.29038420082386107,3.586720407727199
179,0.7129857804682889,0.4931602148984746,-0.19778191106434884,0.3772387396770829,-0.6830887212709404,2.8664358113465602
180,-0.5057637240068122,-0.13597237331226442,0.15223603836832855,-0.7502241762592148,0.7279174212672241,2.7855812658679033
181,0.889204921919124,-0.043230734893216605,0.833198025630248,0.6139624529131145,-0.5704573635971733,2.2832668145520136
182,0.23417659463083562,-0.19511858654740655,-0.40616443779848765,-0.6637126220265244,0.8210295147915672,3.2979996432039873
183,0.04733968475265837,0.23669456262068755,-0.5103152446234167,0.11904162628319881,-0.08343688141700745,3.2863619011196588
184,-0.8468448765228604,-0.6511584553600795,-0.6786561502314059,-0.6287353413787244,-0.672834640959656,3.629153232771392
185,-0.2692397732308198,0.06571637220203108,0.6038578580310541,-0.9195898192314997,-0.29299386682707906,2.1366412475292327
186,-0.6945906371964254,0.4174943903467496,0.3722939053242995,0.08282926480828245,0.39257441257514114,2.5130708548160277
187,-0.5818613120416531,0.07371811903950731,0.510698411085394,0.7741609977158368,-0.9627440752752925,2.563469552279592
188,0.776562736144758,-0.21801689859466045,0.7071420209757135,-0.48879069982391177,-0.9169355730081719,2.170448937662743
189,-0.8391163073722554,-0.1468857855692023,-0.5247150370170781,0.3230557748261971,0.8319640017817689,3.663218860502138
190,0.3275333449519835,0.6196679811188808,0.7101007318906323,-0.42582418359877505,0.799028334273006,2.007741428561241
191,0.23882967209914918,-0.5531534439729615,-0.8471327120007686,-0.12446973196824862,-0.9721347867435297,3.775248580527149
192,-0.6293592400342654,-0.20395027231803553,0.8958168152651722,0.609477580190523,0.48666308146490866,2.4815632542244686
193,0.13749354578633444,-0.2310122719934622,-0.46086797563186566,-0.3814923516251012,0.09258086204045357,3.3530285042672494
194,0.9012104405895454,0.37397708462059853,-0.7357181245931628,-0.6755742258090851,-0.752077965729359,3.1158033610685836
195,0.6579214407952463,-0.6657857962456275,-0.8764348442908929,0.05251862826201714,0.1802194229331755,4.007392142460752
196,0.030827223288669492,0.5983980652059757,-0.8772331635945896,-0.336705656694249,-0.5602958518596513,3.2742252361824544
197,-0.41397927286539193,0.8019835244711044,-0.12207830156152788,-0.8905089861608158,0.4969088249079563,2.5278895507438275
198,0.421725651619391,0.7796788626905586,0.20034478694636926,-0.8035530181290897,0.768938485595416,2.276600188138299
199,0.2125538879258082,0.44073753326577925,0.041388400895159494,0.14531002748249655,0.5896770199545041,2.7895250611443037
200,0.86009011046564,0.8447001399218927,-0.23713141002904292,-0.76316107064152,0.20109955872839969,2.554222052859636
201,-0.5980977667415976,-0.021788088206388112,-0.4356293759602734,-0.24263133898165523,0.5613979723988571,3.350859347656662
202,0.7775138220261266,-0.17155594496580417,-0.028025519227572238,0.29657430667433227,-0.39131453451021003,3.0356711808903496
203,0.08819309383630802,0.6069214384145811,0.58921265505735,-0.04505827748908153,0.2683620609502362,2.161310255256736
204,-0.5787494888516427,-0.34369361413315636,-0.41275062314924904,0.46214264447670406,-0.8830386340996721,3.488350885466917
205,0.6677137893936593,0.2677944061616091,-0.7554482237332247,-0.5137685342261269,-0.3762968531456068,3.27258771715723
206,-0.5139591586999033,0.5750487515610487,-0.8121766035791711,-0.0782788956202205,-0.911019212706087,3.274326458830891
207,-0.7967468456713633,-0.8990161510550447,0.279022054416606,0.0336964438558216,0.7889705972997834,3.2362122973152387
208,-0.21238416051159104,-0.41507990649400206,0.9528936397917558,-0.16576240134139297,0.6691661558065463,2.344213190931959
209,-0.43818337525423856,0.49646786580583746,-0.13128631822104198,-0.33723866581940887,-0.6338123559608559,2.6856146875075884
210,0.8345717329501061,0.17705842032096286,0.30181702690463297,0.36584010760103136,-0.7923912838230198,2.559223386117655
211,-0.6608073202579212,0.28670998682882143,-0.9771282071345049,0.26362728288274995,-0.4546526137307165,3.6900465212937386
212,0.26066832898839265,-0.2987918119818376,0.44946418991632786,0.48335677253683906,-0.9605141997631423,2.683334412047108
213,-0.4768191811790179,0.6768085088339069,-0.37548563746746577,0.7817225356559134,-0.584431697642442,3.093449863459052
214,-0.1169091477240094,-0.705020703864013,0.667009008952004,-0.8963575783195041,-0.5664294791638391,2.4055372803952144
215,0.40814634443618103,0.27204532701029405,-0.7413044146508954,-0.5723855942514362,0.9210783743287054,3.3996813982228296
216,-0.9019634483332781,-0.21618633795244668,0.7690393575851477,-0.6100250823014011,-0.3493726698412065,2.217905336306198
217,0.8947194599821566,0.1289655328556163,-0.35673390541887384,-0.5552925591966527,0.5506673505551261,3.0754482176522977
218,-0.2639799266851113,-0.694761697153079,0.9391341564372071,0.23582756089830514,-0.8896521071928944,2.410338484630076
219,0.7791752613747838,-0.30571529684981913,0.7176265185503541,0.8090053592843198,-0.90040299017261,2.5191830785174525
220,0.6377251148775493,-0.2777938655024983,-0.31465790744219446,0.9735018249717491,-0.4994604794116535,3.4910923841725765
221,0.13054941465120384,0.135957613137903,-0.5125104478244871,-0.7770499284352146,-0.7143535893236512,3.0427206196562375
222,-0.44584745300248274,0.1651852552764801,0.3934052090878928,0.8327529364998814,0.6470341443714933,2.811708253548695
223,-0.9258877900204181,-0.06958904367988361,0.5635894032065094,0.48873659038301676,0.7043614240969811,2.7144857402636497
224,0.7863921000726681,0.9180330991492156,-0.15137222433602848,0.22924559993872173,0.5479764654229569,2.7293778447069648
225,0.6210077232412778,0.7573848629346112,0.24521601880827326,0.8338234908637394,0.22746338093431184,2.577709264763576
226,-0.9927703429159485,0.6338719686389445,-0.3965784083992574,0.7499605304706185,-0.2895575159944437,3.177608857678091
227,-0.10655237108887117,0.046824357537859074,0.9733412157599359,-0.5142175171431296,0.3198516108042917,1.9858288635772188
228,0.8062589514439742,0.4791766872888341,-0.8837537061932195,0.26553101342581953,0.8905079182639468,3.612059915788559
229,-0.5947263760959973,0.16730845499050018,-0.08495032561603821,-0.2745937110876291,0.6240218743593957,2.959162753247814
230,0.29228642827813345,-0.815549448870821,-0.5665329939034629,-0.7223215524842861,-0.15485211004991495,3.5967116338363168
231,-0.5552564077064281,-0.20553132844764588,-0.5855710402960119,-0.5117213206548881,-0.347518337868322,3.3964813777306735
232,-0.297464295128381,-0.8095417177264228,0.5520512559708362,0.7549646176418532,0.9151828043554044,3.127895059855893
233,0.9116207793121154,-0.6465952621400768,-0.09031872170699495,0.7232651698680526,-0.4137353334545082,3.4041047763491696
234,0.05101702015104337,-0.16656763103117767,0.5069327493877325,-0.4114495612888138,0.8321874270633858,2.563946373250815
235,0.042461616149232606,-0.15701182297962446,0.6556173912262451,0.8069585233435537,-0.6428965912719442,2.562581940493744
236,-0.797527141151503,-0.7352338767574818,0.5929786863418318,-0.9330021402768072,0.7069869153789035,2.6445813325652656
237,0.62673387320343,-0.7067041770089999,-0.4085284544095824,0.08246122119993782,0.8998124460550416,3.709912500371779
238,-0.8243992233856818,-0.5317533566786381,0.8663823922544465,0.4214537821513029,-0.3043522244020458,2.53162728894663
239,0.40902077646382606,0.3015437027841026,-0.11236625488562924,0.339558990651984,0.947739177868737,3.0661010227515892
240,-0.536930266819895,0.7561567338627979,0.14561085090197734,-0.13460569611647966,-0.9800738342767341,2.3408323622894804
241,0.9851768379205497,-0.12380272838695938,-0.42152009171180427,-0.6263242964202329,0.24495576479888093,3.192766830313318
242,-0.7609791216599351,-0.7093599121647431,0.8384307424627768,0.44621935411634306,0.5473071051258558,2.736249640404789
243,0.2997308923156561,-0.5936604632935569,0.05121794183220252,-0.9698727915469563,-0.2107185700809906,2.8927215901943755
244,-0.9905232147788419,0.69110264910478,-0.1465101864364411,0.5380696436896404,-0.9027002189824185,2.814466944491943
245,0.17172575301518367,0.9537453135447158,-0.7887423135449707,-0.09071028110533641,-0.6576576892080366,3.0772990660947306
246,0.9692692003352914,0.6283481089848213,0.6185802365440254,0.44728619258682745,0.5533999005085737,2.2419839765492506
247,-0.05950916915397575,0.2953575361077996,0.5215006275497815,-0.1408010797671535,0.05123295764171565,2.3217544129606202
248,-0.6848307738226818,0.8956192970274603,-0.27222923184824976,-0.8050795465865903,0.49610100966144977,2.6465203863056077
249,-0.11621605074466079,0.9357723028341858,0.6441055879852104,0.5199231369179178,-0.029309602481798702,2.074864031122222
250,-0.5298640602941753,-0.9006503312387208,0.33864683675813234,0.8992398079453068,-0.3210726258666632,3.260964315073304
251,-0.9387669564832495,0.8518917713603829,0.36141416101616475,0.11405673326783505,-0.09040422227937239,2.286071958742381
252,0.3410574500170498,-0.153035565041018,0.6345919702085174,0.09831330854693654,-0.5092688504964085,2.4094245421213705
253,0.4008273684097772,0.5947947757232088,-0.9468027093785665,0.35576417751495937,0.083673654673325,3.5616239637609084
254,-0.19828267255224663,-0.08239113031040235,0.1947959453622199,0.07077298796278253,-0.7556040088011369,2.7454685394557763
255,-0.14211710210345907,0.10824160090558,-0.857219775556467,0.327885962711012,-0.8230478947640667,3.6217541306690966
256,0.6227172465970321,0.13634451660538205,-0.27999855604498003,0.798443228071311,0.8204099584351716,3.3760766700999243
257,-0.8889842075737042,-0.028592543493315636,-0.13617648426908735,0.37757348676080005,-0.09096777353772101,3.1843135935096547
258,-0.8274529479223496,0.36493890873565626,-0.7276453235519873,-0.5056228116176571,-0.06269416230941793,3.3013722662998775
259,0.015431788226235366,0.4807610647597571,0.5322251285732249,0.5835527193204277,-0.95836495642622,2.2874454847095214
260,0.08706915090009071,-0.8937795742827164,-0.11921291363590591,-0.029168055846731544,0.13083655167957087,3.454106915707731
261,0.5377071186864979,-0.9762897354254216,0.7131730587847858,0.48805971139659765,0.08683990418500387,2.873710153035576
262,-0.7564418524637877,0.3922898563271766,0.16639862316987175,-0.5956618878189357,-0.14215628940770553,2.480682165039444
263,0.20016042299163694,-0.013524910084267816,-0.5932802251525837,-0.9375906442071795,-0.5713644686294612,3.155589606667948
264,-0.1267147952892469,0.4461249359519073,-0.43007873542026553,0.6143916004711449,0.14672173435057156,3.273764689705399
265,-0.5304252922255677,-0.9262758130978732,-0.5888964604580396,0.1764588765071351,0.1101447948773906,3.9486191994866533
266,-0.6710273923183145,0.5554578972481354,-0.8704035850007881,-0.46660636832143854,0.2889701962833462,3.3798345360475635
267,0.9747070011012988,-0.4954901437006032,0.0929510021136728,-0.5441163793924355,0.6019119239724513,2.9784996523897163
268,-0.5249851707752904,-0.40132275039899645,-0.454039693551912,-0.10606770059154491,-0.9652405397384958,3.4010408096576916
269,0.15753025087250516,-0.482145820108963,-0.18381812627859495,0.9591572209594834,0.3443556733994484,3.5820900092824948
270,-0.5782056407715648,0.2811444962670644,-0.5562699860978833,-0.9751299754828209,0.5808618390688742,3.1391299169022058
271,0.001649502523624946,-0.35646778021050163,-0.4788954478991154,0.10557860748729575,0.7807082101397005,3.6273032610001747
272,0.8306050938026455,-0.44739072290098414,0.05502591762784226,0.8388669005235811,-0.9043939215540735,3.163076152450455
273,-0.0251029674272234,-0.14481429714680516,-0.17206503451594957,0.17006276868627768,0.049050353136626645,3.1990861070645034
274,-0.8252193060427084,-0.6009051741715434,0.3919030396340042,-0.9767684915350663,0.6272121775254349,2.7384955276558807
275,-0.2385979446836357,-0.3740423284156329,0.10076033113354055,0.42935893596968144,0.3340041930967115,3.1718285799020407
276,-0.9023185224881718,0.4004967441618954,0.7296821652558805,0.5936576847313446,0.019628939360146314,2.302297090393246
277,-0.6581123032393641,0.6023345610020985,-0.5386690088241715,0.8396198660573859,0.33523060335660215,3.393322118609191
278,0.4870049944627961,-0.33145697156507503,0.11533917675989547,0.6192044405109616,-0.7760483979966943,3.0323022104973028
279,0.29108084503048315,0.43905417851137574,-0.9939327416054622,-0.865677730860096,-0.10757636144445248,3.3600387136243537
280,-0.9433517454369102,-0.8845815841283917,-0.7782607248185449,0.627080961084757,0.7517465030428503,4.291537416106684
281,0.9213261126151888,0.1733933874434086,0.07457571853588796,-0.26600664943609487,-0.8729341179133572,2.591524589863153
282,0.3828041487587226,-0.005090206190333291,-0.7005280964522926,0.3259836638979645,-0.3561989323549535,3.568661461568856
283,-0.6736096344992315,0.33047898012593,0.3661547563227583,0.0023266711904734727,0.9481015316577137,2.6001098963960407
284,-0.12775276461999008,-0.22726405485469803,-0.11551092621201131,0.9274228627360255,0.6899139540498631,3.4480910565918066
285,0.0887817032163094,-0.4512265286296204,-0.4525771353670094,-0.5182505202345993,-0.8356686600947274,3.3121068708106804
286,-0.39964604537773374,-0.04194678084110648,-0.44462135836249894,-0.5526041415154546,0.10655483558286671,3.233630239967015
287,0.3296490953487696,0.93996800740232,0.5946152054872593,-0.676988285128006,-0.3860337229418025,1.7666960738064272
288,0.23677427061246226,0.7108421012261741,0.9592543409043566,0.9095417010830693,-0.06043036764283838,1.9823989703767713
289,-0.3962910424278545,-0.2034814143747805,-0.4986023759378102,-0.3995473641199774,0.1740406947958213,3.399370069511121
290,0.8898475961258083,0.6502308290551277,0.3492255946652838,0.9384598565114017,-0.456231343643255,2.475055944347899
291,0.27450493744679605,0.5924507868103519,-0.4630493336181669,-0.22642893727935887,-0.027711480805888256,2.994694893210678
292,-0.3789324337751192,-0.9996724334017175,0.7681167711592825,-0.36151588389009714,0.4204650565251604,2.704609953572623
293,0.45776669094267475,0.5787578371191626,-0.4816039882645131,-0.948372206214567,-0.1138751287564348,2.8243886900699935
294,0.2616257010792671,-0.7829012863020026,-0.07283379655400779,-0.12755512362521393,0.41315342040556446,3.3634704532230812
295,-0.6289262610933308,-0.37392261693847284,0.08204126620276053,-0.16289164612626972,-0.1897747938519383,3.001151758968875
296,-0.9426532115055914,0.012702217361796997,0.12668843070477043,-0.24497619834178375,0.6070738010111552,2.866380184180744
297,0.6193787262123167,-0.12422529264413118,-0.4861417455085213,-0.5572322327835497,0.35067158567551804,3.2923742616884226
298,0.2905827842204145,-0.31081127839880107,0.5275773863355819,0.933736918534612,-0.7117189796550383,2.7573720338699763
299,0.34262856297500566,-0.04034915608043632,0.5597140714289157,-0.9943363447520888,-0.17151337828320457,2.1943180934039983
300,-0.23006668272713005,0.6654793344697636,-0.13880917767124168,0.26200836682366524,-0.5048293485593349,2.766128618716672
301,0.7876817123210111,-0.11222969791476944,-0.3107765604063144,0.12722268950676607,0.9419754634866906,3.360753907744365
302,0.7546530707433341,0.6030958064336649,0.5109899276654832,-0.8334250456453804,0.3375266217219568,2.019795288668451
303,0.7186170369893219,-0.871570328498223,-0.2998628006518613,-0.6295774976641519,0.29583994414155,3.447188715732211
304,-0.818647724165138,-0.2863408861396399,0.4045597382242967,0.014814945969608972,0.17127109062491952,2.772752978960351
305,0.04174721282600391,0.4115969287024346,-0.8972834461564556,0.8313272902831592,-0.16429267053744612,3.7055383206903905
306,-0.2222088102455797,-0.7963671801225651,0.9974317070661463,0.4318254948622502,0.3416701001993856,2.5902554133788676
307,-0.631591920740115,0.2935978190410671,-0.727009942683966,-0.6467016459309443,-0.11975086110692468,3.2850237432797806
308,-0.09129186750546392,0.09809463172170152,0.6117627634811247,-0.6032560025700535,-0.19171330733385816,2.1959681778777878
309,-0.1663811299994955,-0.4695624373805549,-0.19598941679570747,0.5131645502461879,-0.7283602313429562,3.371523166547424
310,-0.9765680472779978,0.04663327638266179,0.39710008704369537,-0.05552025124132287,-0.7565036055275276,2.511535864757493
311,-0.1701211892444423,-0.634586397272987,0.743381150617294,0.9780625146293036,-0.40578629007555334,2.7830748446684788
312,0.6649645123483143,0.19936816203506114,0.1935598772842595,0.8132380908828709,-0.3307615089631706,2.8100489415549186
313,0.42526758913366147,0.27589265110078176,-0.6761509372200265,-0.7301847132461199,-0.5400126035024262,3.1390349571544025
314,0.9366893553702209,0.2955490235099769,-0.2368411507162933,0.4499663563244025,0.12620521936296503,3.0903280474901975
315,0.4216034099505084,-0.8723159528752662,-0.1804035220783644,-0.32467033253664246,0.8077882429173133,3.4874909973555814
316,0.5724467121062546,0.4643344841752659,0.9106678014706098,-0.18961256430397455,-0.14688029023193727,1.8472797007764732
317,0.995170429196772,0.12885603959889513,0.9878147553860028,-0.4482050920544629,0.21813695389074028,1.8956269151505334
318,-0.17856659944946784,0.3562889797746802,-0.4682582218478637,0.7159863141183069,0.05515881484674945,3.3647551229515313
319,-0.04036165920847923,0.9513962613257108,-0.03785994611284238,-0.4985300465956475,-0.89393456197206,2.3109076680927183
320,0.4794227884110709,0.7458295506066543,-0.9592940489784902,0.5474654138016368,-0.9245493242987248,3.4336684164213134
321,0.6367203231098397,-0.6835172526847058,0.7374602078457699,-0.6958936273979195,-0.1536865296944201,2.3990197518118492
322,0.81359325459992,-0.995275214591594,0.42066853372348567,0.9365345958348523,-0.7876841618723989,3.1359765854417354
323,0.28936308724472704,0.18028876685584705,-0.41480270772308603,-0.8607067550771852,-0.5183490535350972,2.932817088356225
324,-0.3988749432538232,0.9045584252267105,0.6506346347291525,-0.27202993771326844,0.5812602050327988,1.9706217393201888
325,-0.26410300620008864,0.20619661379008192,-0.2024817036360016,0.2184105506551519,-0.010183282448370745,3.0787163655435803
326,-0.6230366598590691,0.2262930387272426,0.16129374948132447,0.03134049836386277,0.6670016277982744,2.79909278428192
327,0.2072308396664717,0.41778213315207857,0.974829602625394,0.42975518928044654,0.8392700251134264,2.088839941499928
328,0.6038884816615078,0.5979402065097343,-0.6858277469087515,0.2966079932215522,-0.5101040702541504,3.245115266853716
329,-0.8412188045940636,-0.5450932163571156,-0.7781045150686332,0.022108224250958708,-0.039044970722332595,3.8954516640994843
330,0.14385845047921952,0.717652161725733,0.49146288557521145,0.6034214612160151,-0.2939565043467567,2.2876583963843427
331,-0.9671123228607881,0.5212710396523208,0.8976626664320251,-0.44882432986875376,-0.16069480826440707,1.830066379109863
332,-0.92735017840664,0.3553858263298033,-0.8048846517444861,-0.3661938751954861,0.6272786467715903,3.4877805501829178
333,0.2699187959222542,0.3378997034127966,0.6844742412698879,0.7158922313810991,-0.40552419857725597,2.3050096800581903
334,0.8480358664499574,0.22572324300939384,0.8998400930772299,0.44714123729692856,0.7649482817151716,2.2121593055275373
335,0.14907651426036672,-0.6228548172156476,-0.636661666605387,-0.5954681058804883,-0.28023688856742823,3.591421078586479
336,-0.7706108250364496,0.12517962323249465,-0.6101049042007227,0.3946302603712486,0.24397900754552504,3.5608825024589597
337,0.7861167025496156,-0.19042393788986356,0.18636227249082626,0.08830767016244012,0.8769212814656142,2.9494285831783587
338,0.9067258675841132,0.981165306891673,-0.8008806315408763,0.4072398408351454,0.07138581661809673,3.2480874847008256
339,-0.22710927455323904,0.5009536686166087,0.5379084455086189,-0.43308808314504477,-0.9971353880633032,2.0313954305208504
340,-0.4759692388657544,-0.6997589851398263,-0.12712268420820738,-0.11932423857421526,-0.9688439788872991,3.249583361158125
341,0.03257786801289786,0.815946708658531,-0.17055905425186713,-0.25578438462683994,0.8786122218192887,2.7424670952305616
342,-0.2924911650151172,-0.0424016107188212,-0.37086688723482863,0.48589101573946314,0.6134110773965853,3.474918199102463
343,0.9382009762141998,-0.0991041347508288,0.5176118303735817,0.08604778980086492,-0.06858164372653275,2.5080496891665933
344,-0.8773634372523007,0.15099976106780244,0.7748785920045622,-0.7086778102950115,-0.9501108841596646,1.95171101740498
345,-0.40807051998793953,-0.8720129335100011,-0.040159565024604715,-0.5029340494054675,-0.7836440943198397,3.1781601775837838
346,0.4177310897786384,0.6526398719759916,0.8538571525105969,-0.35452026139520054,-0.4482842853122395,1.74228172048529
347,0.026353510913220024,-0.5739374270214421,0.5620819319460473,-0.21098555665505137,0.21467110169536596,2.6843663674910085
348,-0.7163522146218857,0.9823795912630555,0.8645744988954998,0.28935946590456596,0.5088553349472889,1.8908164515324282
349,-0.4638010069795333,-0.6844821295435726,-0.04796578125505668,-0.4224720567030402,-0.7434153523170708,3.12495022506252
350,-0.8935212417735039,0.49809425914017535,0.5523112003192421,-0.3199140946655499,-0.9331648216350084,2.081897854162875
351,0.49061481568404575,-0.9379557161756187,0.9627686107454732,0.16953185290337314,-0.45786393029209393,2.503381341918327
352,0.9112853158735452,-0.041420968663026914,0.40286409966011183,-0.23334039325859535,0.28647902285165805,2.5439910324335515
353,-0.2936472397327803,-0.9772881336047361,-0.918909698416889,0.4686679171782979,0.9177617496759076,4.409755415255517
354,-0.5389004018597674,-0.10370302471818249,-0.3158207141528535,0.5168201025514589,-0.6253614092209459,3.334444618221361
355,0.9852041503405464,-0.14176264223144064,-0.0474934529464206,-0.7506923735303135,0.10672731045531036,2.8313308327086055
356,-0.23161432924139724,0.21984539413789328,-0.20031785392853507,-0.6254383776728205,-0.6604005358874583,2.7912645262989253
357,-0.506624426848048,0.3905196423578827,-0.10932602596633956,-0.5972067139816655,-0.5271462459902945,2.6668025053101396
358,-0.18182107080350973,0.9947041019252258,-0.8133388218735054,-0.8884656143808904,0.132521420029996,2.988344768509008
359,-0.9539282777102396,0.1810737283590147,-0.1100932433355446,-0.8492559425165205,0.6640370446936028,2.8538246173172936
360,-0.2851707937485739,0.6281287785908392,-0.8124390657213436,-0.46666657112721555,0.4722060662531511,3.3010333875196944
361,-0.7373859690357321,-0.6347671959324688,0.18484621887181607,-0.9535404166413635,-0.5036114509681182,2.809098654613657
362,-0.8771184818894382,0.6009871852960078,0.25070207513449616,0.7265651128023012,0.7365104592742102,2.7363998571711026
363,0.3232402777893608,-0.5450987997535981,-0.2791999029683485,-0.7797707079025722,-0.4942048318503467,3.170188469919351
364,0.2366710766513742,0.5513679961742857,0.9003248916209035,0.7109530819662846,-0.4302768940525783,2.017176030105988
365,-0.5345462278149633,-0.6135339783091083,0.2619592425302497,-0.7386618852654792,0.16873494032909786,2.8517641844553605
366,0.3588694238988208,-0.6854154179543281,-0.9976895927323151,0.4601751369285485,0.7574590512596089,4.297274764477498
367,-0.6122907692479356,0.3598219487771621,-0.5119849602736268,0.8519892824699553,-0.8726066339560787,3.347921337433986
368,0.4499983948655888,0.9558068480863193,-0.4760929837361023,0.06881757000872435,0.5062034720818815,2.963195438175099
369,0.20503142810929775,0.6781767025569028,-0.4085923432359786,-0.2437284926063994,0.6454579916422578,2.981940710252838
370,0.09042426372852708,-0.5637418808524455,-0.7100230889720096,-0.16006903182467247,-0.7248663760120277,3.686347438361478
371,0.08818218141325684,-0.6912954217778322,-0.6605013124309767,0.8822053236402665,0.43081431763189815,4.085005904154918
372,0.6137216149195299,0.9638424336049116,0.4486333437044945,-0.4917243137612286,0.25135450233119183,1.9869944523077416
373,0.18510528149492234,-0.29192311172331586,0.9086464206538476,0.2493757311767426,-0.9676714919106957,2.2277578516519476
374,-0.827041884907201,0.8221532190579737,-0.793862256912226,-0.7411712876170897,-0.135810892885329,3.0828318777325516
375,0.1323525469590756,0.3496228655205107,0.4842126302275138,-0.293691510296924,0.9678124410808118,2.3865992111417387
376,0.9139566958362673,-0.5031000485285677,-0.146301319259462,0.014830153405532176,0.774021398548411,3.346924568618359
377,0.7824162747527938,0.06836721607243401,-0.28791016703327865,-0.11035658992744524,0.9398959899434529,3.2000222661294937
378,0.04436109229916996,-0.9021429894819979,0.24447417306509478,-0.8694314743196501,0.47357733316098405,2.9785597871174856
379,-0.2042000258092853,0.5370703332577969,-0.3167219029667878,-0.4216689435621934,0.4772040661925028,2.921763889643924
380,-0.45225370098140405,0.01998435482819927,-0.7790113247437012,0.7759582274002188,-0.5185505040267011,3.7502257778238435
381,-0.24230112982295582,0.28987232298296384,0.6051304304801866,-0.5431139407363179,-0.5054965080056293,2.0991205673461923
382,0.6752205590579079,-0.21983108203991475,-0.027534654026327487,-0.7603253550200912,0.07755096035976838,2.8569120049803693
383,0.694897268564332,-0.5317420605120002,0.7166264943119589,0.04977687851715107,0.9136595290306122,2.645600203099205
384,0.9175154367419713,0.61839764120559,0.8899444394942946,0.020132493315482503,0.6672723522767776,1.9224142312766257
385,0.7103118132685275,0.8567761496642909,0.524504496188942,0.9097493860803059,-0.35015988493204375,2.240318473336689
386,-0.17976061275005506,0.4956661343408364,-0.9754967798307581,0.23166827547387214,0.7266282896746583,3.697298214052557
387,-0.78348265732976,0.7149372299803571,-0.302302195755634,0.9919992641692772,0.43747453375260936,3.1903335239278614
388,0.6772654922941463,-0.1465944122372338,0.20439899245265258,-0.258670947684865,0.29493792289194354,2.7685630798131187
389,0.6771132907129442,-0.967903075457383,0.08761640391432057,-0.594712743967531,-0.801179348131317,3.04338635344273
390,0.5420706665317405,0.998593226851282,0.2483232219722411,0.7353985268707972,0.1150541318197773,2.4306998251839653
391,0.7261334116263836,0.9452813252088101,0.06756650872485226,0.7813041373448542,-0.9420457813407497,2.4973356682403844
392,0.9159407896590819,-0.31604896564718876,0.001416948591310474,0.5957737380270121,0.8122780649965178,3.2784120744271568
393,-0.24035355711283923,0.7241044415611659,0.9034288981201595,-0.7340779947263112,0.2533970909721035,1.679212028943505
394,0.4055278662663835,-0.6074550649397723,0.1997595359017772,0.8021339301055568,0.8712119975090982,3.3181590946877497
395,-0.36962802360948577,0.5392738230336656,-0.7663561200368991,-0.26132279019839655,0.1715733032289004,3.3217663506806026
396,0.4185328864421938,-0.463045833655243,0.6313094899857459,-0.39927803271714457,0.8136248208036434,2.578652235287284
397,0.027417012501117943,-0.535019778422515,-0.6975248131829184,0.1632899092756137,0.8997868189385809,3.9251626177562544
398,0.7648044171690147,0.3279832758481718,-0.09839504028248025,-0.8479977979439337,-0.49661086438888113,2.5770450650170553
399,0.7377680088379843,-0.6580616454772454,-0.5057641757794771,-0.9693366603173337,0.7877086822158179,3.4988552747212127
400,-0.4602133804775681,-0.9390298992311101,0.09139470349181145,0.4199311635830558,0.777379935398268,3.4961928711103085
401,-0.8855797299962855,-0.9210088567982067,-0.7347505702218295,0.20978926213834503,-0.09882241448929507,4.071659866227213
402,0.6356581495130968,0.5505185949116562,-0.21478786720258913,-0.27331759060862315,0.8108306769473501,2.8666682744677146
403,-0.5233273978118644,-0.8631426369388706,-0.7233016433799422,0.17583549249203245,0.49540945759657773,4.078626270707537
404,-0.6310964494097622,0.1635724601931785,-0.3949748931873258,0.49640265804509,-0.16102581055667087,3.3306927375171536
405,-0.8991544676430943,-0.3268216474152943,-0.4845761195391982,-0.085771956801306,-0.1279101151244486,3.5069102436596133
406,-0.9578266231530854,-0.4950247348382375,-0.5838028289207491,0.7993674249996718,0.9443766257939499,4.007858736241347
407,0.28823554264116535,0.4905618808579535,0.13320164453084415,-0.3592161591814167,-0.6826408351154147,2.419013830559982
408,-0.7168545868808935,-0.7374654520713821,-0.5816608122925682,-0.6522834293036601,0.6672478368105874,3.7236885918117695
409,0.8523672470226493,-0.7414992841484485,0.9700463143624445,0.6422882704947785,-0.28674588188615524,2.526164638247211
410,-0.15556074675903608,-0.9860013955198133,-0.05359777829096024,0.4937303645099951,0.32341623628001015,3.5982687611939004
411,0.8140275676624813,-0.0260882368662414,-0.6688141011105533,-0.6253442978248871,0.9516661598873764,3.448192069524153
412,0.03075177926493411,0.4246143467154122,0.23766431505461405,-0.5146987887832524,0.2539192999033002,2.436186064362144
413,-0.43576977870528055,-0.33411508086712627,-0.2241636807965064,0.17337876472803826,-0.6415351093042228,3.271550140230569
414,-0.7420496568359984,-0.19348708952915805,-0.40958640701586946,-0.9642417801922971,0.6249763228920806,3.2447040359127777
415,0.5988096945934369,0.2916580866861458,0.08496254305468476,-0.5625211694727454,0.44822937854965295,2.61673923764887
416,0.0034011265416935554,0.8937375932397131,0.9921445889918479,0.3271839312826197,0.34464248531317265,1.7828084905906336
417,-0.1296717425503151,0.2709116730178063,0.42980029065935477,0.6107599767685115,-0.18425433161138138,2.5717813076766403
418,0.5293905383513489,0.00968715701351952,-0.17106858584946605,-0.5620074803545316,-0.7365256098107151,2.8387527724622554
419,-0.6845940493465137,-0.4075605808422804,0.3005625075290057,0.6734251360529953,0.61100308633747,3.122579602587516
420,0.029919326095174226,-0.49473738176411497,0.9027769785229756,-0.916033013718488,0.6951649464268645,2.234861863576186
421,0.6629091931944175,-0.4620382278781079,0.7496958664901474,0.5370279355610119,0.9421691621790802,2.7078940591572525
422,0.8299234694578812,-0.6196866955640579,0.19465840075564844,0.45031774607273434,-0.5215598144878839,3.069720224454083
423,0.9102841381528362,0.8825962073656941,0.3042781635914025,0.4796598573867292,0.5359163285732884,2.4055456073748815
424,0.21896633352489125,-0.6037124225182253,-0.9062762966118929,-0.969548739465393,-0.8876835077185445,3.6544102629035065
425,-0.38956018288738536,-0.162703146048772,0.9431153467267235,0.15591521873743353,0.44775995941713886,2.297215004932844
426,0.9681356958046954,0.7821218906513572,0.8994147438415869,0.9723445174043468,0.5978502568614228,2.0607006073166003
427,0.26964702189313505,-0.39644049512724666,0.2621194005727232,0.21138575279780203,0.22003030495475118,2.956018579394916
428,0.5923415814421134,-0.9811137259071072,0.5063222056049754,0.2149996324516219,-0.772792453425609,2.8903582846168807
429,0.5940027745448448,0.9647124931304996,-0.4979422825315769,0.26021861704023297,0.7669904398050176,3.047913314174728
430,0.30543642008997085,0.05091729000901157,-0.7717621544850908,0.2692347733662386,0.651822415393585,3.706620667191773
431,-0.26839754819164496,0.8896530461281726,0.8029275442035866,-0.9434173704631237,-0.04322290396548878,1.6071302517353774
432,0.15601857301850974,0.9487333429861693,-0.9703365560652,-0.5726336568462649,-0.10993895653123009,3.1815424237033554
433,0.9198867766825005,-0.3530658812341243,0.11812557330731699,0.8193321052338427,-0.14280372224040327,3.141793592937626
434,-0.03405123666881393,0.22896968656642636,0.857373895867773,0.8568064483505011,0.0502736000876538,2.302915173952269
435,-0.2520721872930307,-0.10266358941748921,-0.04937326414673815,0.06950566367038324,0.7286168200383807,3.1341153570321243
436,-0.6152981532646267,0.8594058672252587,-0.8661291587096751,0.1295247611203154,-0.9238064334387426,3.24342835028778
437,0.9384690405180467,0.19844938712051108,0.20562554178629044,0.7129731224931821,-0.16313852543133556,2.7832975208267516
438,-0.871166444391934,-0.4227199730340181,0.3126883587351681,0.8718459923890185,-0.02216153655225539,3.1040839815595276
439,-0.4876295307279632,-0.9071040729280864,-0.15159740561294077,0.275205111794504,-0.8245827632649674,3.4787805970073062
440,0.7656612820766548,-0.8862540250355722,0.1772114478923228,0.0985748285298842,-0.46009197359735854,3.1314101001726575
441,0.3811441783663063,-0.3852102583761505,0.9894589975445724,0.012964600104016233,0.330872168930741,2.2804218743203353
442,-0.9686601835717785,-0.4457435314348823,-0.04933286261576497,-0.050372657283905165,-0.22029038882821417,3.1857164190303724
443,0.80933089515807,0.4266627715603397,0.6318040924765422,0.8169156707111034,-0.7488102517829429,2.274143630655121
444,-0.41047782540368805,-0.7875087545673998,0.6961784963685771,0.5967325479538494,0.8348683256903013,2.950011882987435
445,0.4740198704070919,0.1360448319523262,0.39541372192814683,-0.8553329311577609,0.5392194461861619,2.363423843423161
446,-0.5624991227905336,-0.4355791880364772,0.9096756990836457,-0.048331686034500665,0.19208891934074024,2.380484527023427
447,0.41146696109263403,0.5529048013537103,-0.002946925609701223,-0.3059748421846491,0.8802581689235076,2.69096262742433
448,-0.6727865833788762,-0.48317962257572145,0.2552860753481465,0.40901016953075753,-0.20872362483049534,3.0401461155719285
449,-0.04299556372215063,-0.490852999317271,0.7178103302936221,-0.4431295067133274,-0.66361549751626,2.359373047130257
450,0.7313265451810949,-0.7605551676292455,-0.6164523306599847,-0.7601467650977827,-0.6958524563327144,3.527182935786205
451,0.39541159987257624,0.53048435451223,0.6193713600358286,-0.2739154241263284,-0.733646783254607,1.9902205718773156
452,-0.9581666890912719,-0.7322863169099512,0.8154285397673109,0.4745592691901295,-0.47383047733200456,2.6674336868028843
453,-0.2778008941656489,-0.24543462717015552,0.09451052461526332,-0.5354898193042006,0.3419121260837985,2.88581031332783
454,-0.06366368522893406,-0.3020050124471525,-0.055451861465419805,-0.26411927944602054,-0.8558870845726556,2.9651714891109355
455,-0.5999730740624942,-0.3947189503376278,-0.9952735362046627,0.37761067354094147,0.9874986021079604,4.205857302926415
456,-0.663669142874372,0.6112643099019983,-0.8534449422034178,0.5197893753082916,0.6850408374069596,3.623408847294398
457,0.10255133162872676,-0.10973867452646768,0.25337644534900217,0.6907317531665538,-0.2031373365115503,2.907717504826377
458,-0.5385547769327212,0.6144215777248854,-0.4902962315429189,0.32148765125861356,-0.7440685081469443,3.0943006497411667
459,-0.05681403957257203,-0.491169736813466,-0.5264821417461243,0.7648996530896737,-0.21667834791590557,3.7817595210328445
460,-0.37165606292058295,0.8480595821915295,-0.6435803520651768,0.2357295607100669,-0.6198737832301044,3.105827473760762
461,-0.8980156279421831,-0.537919626130843,-0.4096657995186017,-0.4164642458005241,0.3456050816039551,3.511614166397675
462,0.6701643423250816,-0.08057933078206303,-0.7604136519179179,-0.5547148727595297,0.703708833232209,3.5478970419224813
463,0.059048356307987104,0.871240328223351,0.5725127291212533,-0.727626378573635,0.27015237886350074,1.8894705431757273
464,-0.21973958238346225,-0.8224830619944012,0.9891835061132501,0.3341162533673008,-0.8706547239376621,2.450004497892169
465,0.26084024864143274,0.3900384270450097,0.5187390906172591,-0.1259489150907167,-0.8292098463057271,2.1727815840359095
466,0.7383343032123351,-0.6357214935337516,0.24575826113373545,-0.25297053488537324,0.31397395402556794,2.958871025277155
467,-0.8594718284636378,0.9810819581728543,0.626371509345252,0.7375695426998219,-0.7203820970069519,2.0751453446755175
468,-0.2686919694722609,0.7121136666191961,-0.07691304196051885,0.9663214618693672,0.4904092235355415,2.975227255502249
469,-0.26174467790734335,-0.4949543220010928,-0.5034581759655852,0.9721320858435856,-0.14649698478061857,3.8301136756263325
470,0.7465637836943062,-0.667639169304338,0.3793811276699237,-0.26493707303135783,-0.455208513472835,2.768569285287745
471,-0.691822734466151,-0.06314921694676334,-0.30305994652892543,-0.9604946773398122,-0.2890402920249693,2.98913467126011
472,0.8393773618481173,-0.6207011504627424,-0.27157447824859804,0.39756047123114513,0.9585363844382531,3.626313722418202
473,-0.32376514768307163,-0.11626177428921114,0.43831364442537835,-0.9404363281267316,0.8403280428466728,2.487631142435335
474,-0.09296841022033075,0.3439799787405422,0.25690501914233943,-0.3371030671235815,0.11062088073400034,2.4888173371313327
475,-0.8964883519069577,0.18735676036794757,0.4813216670356304,0.25424506856001505,0.12275189234228834,2.544241940423813
476,-0.32441923672181194,0.4435774334756515,0.1756437016897936,0.33248432388287674,0.2975013858188327,2.7065288069717703
477,0.03783079483705687,0.004870068311834119,0.9661806382680922,0.47555063390092367,0.003713195822095061,2.210928820463406
478,0.6888536787426605,0.39734866881659703,-0.48929420042656013,0.9728790671311875,-0.2606038464507152,3.3561563586862393
479,-0.1450767849267034,-0.7205371772732398,-0.6972656425400661,-0.31865963499937755,0.6667144735191168,3.8739916795151688
480,0.43718451341061604,0.6324664788340175,0.42949885735249493,-0.6931483729608616,-0.2716812042091383,2.0557332270312303
481,0.7007087745079255,-0.23580351086330253,0.3940568518399663,-0.9585814826299621,-0.38322898499512426,2.398291197976916
482,-0.6324531581531734,-0.3362364575382273,0.22818901945467918,-0.16223819914191706,-0.45541943196915047,2.8278138440190843
483,-0.7372926561558628,-0.6460622226899715,-0.3273258140337254,0.47024044077454485,-0.6828145308610973,3.584275437577628
484,-0.14216662905248412,-0.27069098490232,-0.8864257826557249,-0.17123822013385337,0.2820395514871794,3.823568406933286
485,-0.476028613633235,0.8999837180972725,-0.802363305349626,0.6485890433654589,0.9110236633859281,3.495297938309617
486,0.3281386409474094,-0.7599709475643814,0.5220535574026113,-0.6935274074856235,0.8337383357591468,2.7442601843709933
487,0.08059175777687466,0.6344727066794815,-0.6257428234170113,-0.060892965773586605,0.8520872463208047,3.26277180253742
488,0.017294842843944114,0.17988717182572267,0.34923315331626936,-0.6009372084773474,0.2648633786831345,2.43295282130803
489,-0.29732530159303305,-0.4778538951434159,0.9588796323237478,-0.11048038687673856,-0.6109775183313628,2.241676393989695
490,0.5492113867428199,0.6851664441476848,0.5554755103432938,0.19186224499753846,-0.8952233286893512,2.0634039609328694
491,-0.6165248266070567,-0.8336552046364225,0.6866107840527762,-0.39738071122102747,0.6383009420197165,2.7240615560928463
492,0.5040563908469518,-0.971276903245879,-0.6839317031134446,0.19070838497864795,-0.745103348343287,3.9176161712187154
493,-0.46551484598703663,-0.5499001832054744,0.2815388120136062,0.6328048956188475,-0.019895340989152688,3.11527319096585
494,0.15450744961038976,-0.2778723961711389,-0.0524653468387597,-0.72005125202306,0.12616922754077775,2.9415309016664404
495,-0.23801723876918368,-0.9509207153067536,0.46617303611604877,-0.7055992859706894,0.2770761964170507,2.838283592025345
496,-0.99774469387406,0.3195802130935601,-0.34723877425400596,0.0725946005565512,0.3599219761794268,3.1875371760854216
497,0.541845978607473,0.9642253962300735,0.2618961617952871,-0.5319225002298984,-0.15228988246236064,2.0965752558703556
498,0.23509545208665172,0.2779739606429026,0.8521568444456717,-0.9085037017702722,-0.21829798514763565,1.814511619385428
499,0.8863052324807308,0.3563035460530326,0.976779624656267,0.47481424393766547,0.4823408534096134,2.0590066051180616
500,0.07388739802159727,-0.10398567524189017,-0.356635895531894,0.7351218819821757,-0.6090791335988874,3.4000489850695503
501,0.8046810023896775,0.23476329246209837,0.6869640862697057,-0.7867281335419651,0.22917551060361796,2.0340860429486556
502,0.6860283877718836,-0.12686476144839332,-0.07978238773613633,-0.18905535038545462,-0.29687738075601233,2.9560605092596837
503,0.8166550983374372,0.2352142071176515,0.9454184416305145,0.2130067867084382,-0.07515593726820091,2.018695056944731
504,-0.21551666438580508,0.8396340763914241,0.857733025895066,0.9080850177272968,0.10256024205984904,2.047249139426201
505,-0.2458295483771087,-0.08080547092974566,0.5125600431117581,0.34078764946605355,0.2918343939133792,2.6542050622471285
506,0.4895973430505076,-0.8604501873796091,0.08638247982684066,0.42600552587091167,-0.4127298875885179,3.294338946504914
507,-0.9617739398649885,0.8546367281772997,-0.2347365889029469,-0.27208255530571335,0.3293750439267973,2.755136307217781
508,-0.0019955862945117975,0.1467187563536776,0.43933230091049147,-0.35508781275855883,-0.08068596514634852,2.3921253443847466
509,0.4253616488064993,0.704672649060287,0.4544155152283331,-0.09845881462352479,-0.380770277749616,2.1338736053487186
510,-0.5076606744242784,-0.9892013422937656,-0.2697543783660781,0.4166057211246934,0.887865792837427,3.8455812994670584
511,-0.2695085886110995,0.35111446121572953,-0.47007859369910143,-0.7532358371170755,-0.4336795431223315,2.960321822172628
512,0.3774095885399449,-0.6136563889998152,-0.447388853341804,0.5811991552761735,0.9431071647768594,3.8370167592769766
513,-0.5376315360252764,-0.14707410631247853,-0.413020233245317,-0.8229053874199328,0.7048471364849342,3.261357164481558
514,0.251355197447924,0.14915006147251275,-0.14243471281384168,0.2762894817871864,0.759863789636654,3.1322627679736557
515,-0.6947397371502022,0.25287888001014625,-0.8730673793873227,-0.48754135420622746,0.23595919399924048,3.5113260206330197
516,0.9044396876039513,-0.19003815803385593,0.8685017218382265,0.28960018602786275,0.3158299744884663,2.339812326308282
517,-0.6647019321403924,-0.32732798693146004,0.704180314552405,-0.02734765728191535,0.1633574289374331,2.5147029799311604
518,0.7491177827577908,-0.7012357542503103,0.053160658510945646,-0.6034605722729323,-0.3837695864625872,2.9921405516934176
519,0.3580446805729598,0.6437219612084266,-0.5074312549703901,-0.11395481977032329,-0.08603497398824422,3.027003820315105
520,0.9499216339491241,0.25042155757567097,-0.525441020768697,0.017735509262249982,-0.2554868880611638,3.2127269909022282
521,-0.5122737436778508,0.7085496613315312,-0.35877395858555383,-0.33227754368640583,-0.5898853777899469,2.794189123106212
522,0.08256840963550727,-0.6174610610808948,-0.6279960870958023,0.5073327911917491,0.7171825971474837,3.9639206327194323
523,-0.4710866617806757,-0.9515770256433338,0.406006492573564,-0.6291910382748407,0.17458455700046183,2.9072673445547257
524,0.7289607987191915,-0.840245623552685,-0.9310059126578867,0.42746408895364385,0.9955982133410004,4.314448346825484
525,0.09643081148246191,-0.3021707054414795,-0.989666677435568,-0.8724956006911309,-0.52030422955478,3.657524029540932
526,-0.5189058948937426,0.5507339439946488,-0.09896588091038128,-0.7380632785030865,0.7988294494173267,2.6985812184222593
527,0.8131587104510516,-0.5668122557115716,0.8903610523935201,-0.23389455822135585,-0.7568679318346376,2.250676319862943
528,-0.2971214942226492,0.7207610635743411,0.25122988453734174,0.8315180267886535,-0.9719869082700006,2.491856888158286
529,0.5301998784014441,0.0781462916880713,0.021096854501392093,-0.8101537599635724,0.7765044240504904,2.749555821310347
530,0.9738512795885441,0.11415578705351304,0.1397414776453616,-0.9645647542057654,-0.30431681640156083,2.4538465713997946
531,-0.5054951628407562,-0.4370229906505636,-0.40935877561735845,-0.5143761853771094,-0.3726444232084092,3.344903031998883
532,0.6274294884595706,-0.3127020090660311,0.36895171463653575,0.9311946580701533,-0.30915343186781197,2.9264010624588566
533,0.4326783086395771,-0.15425823836424435,0.5247866484235235,-0.05921744168723664,-0.9504458143245886,2.413745443738715
534,-0.33034229921415625,0.026360868396732462,-0.6525197429633118,0.1696953328919999,-0.2718506408899579,3.5128826980411643
535,-0.9709407717018839,0.8950490730000469,0.7387270158714392,-0.3701995104907283,0.20086201220955702,1.8554370134654916
536,0.3441967686119065,-0.8282354392590185,-0.4430648323163817,-0.39120171490203615,0.009223331905863663,3.5923934286781227
537,-0.24223165044141814,-0.46823981378288737,-0.14808587558840336,-0.048968808271314,-0.13953250529790528,3.261573630426062
538,0.32559854021105883,0.325258365690664,0.9045860582773828,-0.6574159465364766,0.186326557074318,1.8499939827574692
539,0.7832265622242922,0.9134817633454273,0.4784391835302888,0.5859992566446419,0.6694367121662939,2.286411452018572
540,0.8704039357549322,-0.8613871534740793,-0.3323772515332626,0.6987361982479499,0.06398320116072109,3.7617391462408376
541,-0.18526103491662127,0.42289962228094446,0.8166053848424148,-0.2757868132334722,-0.502113213237505,1.917820354739197
542,0.5715782280166908,-0.9639651339071995,0.241855968518083,-0.7640171902521551,-0.08206202493954873,2.9514551109737557
543,0.5787377824011088,0.6896655923806172,0.5671335457782023,0.6251981729371128,-0.20545860597928622,2.2325768471505163
544,-0.6901586134544604,0.4123632721100021,0.6205565928601511,0.06476307585653629,-0.6749803136667387,2.176448960367395
545,0.24020235312423632,-0.17960148098059436,-0.34241248814050484,0.6346979429586008,-0.5274990355294022,3.4004839620629643
546,-0.7721990943044426,0.30192840664772747,0.33590051384968844,0.1649506232130975,-0.9980144788633714,2.465422388555384
547,-0.20878074699332827,-0.5719691593312859,0.6927940448548922,-0.9651605846570182,0.8897762193363319,2.471765592230208
548,-0.09156351721504219,0.8550330976232636,-0.012458253069911107,-0.9148052756185008,0.3883117793192479,2.377416692421731
549,-0.07782565153125165,0.034985266421044825,-0.8285556202987052,-0.9137331921519605,0.022919137966989522,3.420567986461444
550,0.32199159822049417,-0.36457922735669523,0.33867675757019633,-0.8134631071935499,0.6317101612004223,2.6696340959884894
551,-0.2593482450417526,0.10220034221707475,-0.9763272657103523,0.6548082907568666,-0.4614378741534293,3.8524140983957196
552,0.2564097172579429,-0.6503989709877793,-0.08946336379811148,-0.7726319583129457,-0.44720338574747154,3.063989749647682
553,0.9158119063622976,-0.14517428248121478,0.4588634952061377,0.7003539393102423,0.07748870809967379,2.7468201623475257
554,-0.11698816867088713,-0.8257633618515592,-0.814709297666,0.5971064161931599,-0.7873825986426366,4.08321410642127
555,-0.38506366369484746,0.04506967087448688,0.729146607830071,0.5532679204821946,-0.35990846803077337,2.393125061308303
556,0.07649995739980797,-0.16509429822628663,0.3124185045674539,0.233649420322118,0.7812181340269768,2.8819641562032063
557,-0.25781608075868645,-0.13581032345020128,-0.6624770701300353,0.648426785993607,0.6388034723528369,3.811478537469025
558,0.5112787118855169,0.5042546617067369,-0.7548489891182633,-0.6271295214883343,-0.25675775754139774,3.1553726648426768
559,0.9182044035324721,0.42004211546880255,0.7364219372263572,0.45627148317996524,-0.023215548542206754,2.1755517587257387
560,0.6042673155042069,0.5176842518312246,0.36760883045058224,0.11989357193798011,-0.7077590384944181,2.3044346686411297
561,-0.6934487868622365,0.04531379486434606,0.9698112706522417,-0.6692338427555129,0.14736735079470575,1.9563455663483318
562,0.653226994380445,0.7655522476922569,0.6080467526152737,0.9896491213031795,-0.1726345016853541,2.251529140316377
563,-0.9317161167782906,-0.33579923308224635,-0.3430694462132553,-0.9413058465219732,0.5020743644663086,3.252093054327415
564,0.7824643318709723,0.041323791143343724,-0.46138525161882993,0.20626147816788043,0.4898042693149982,3.3894346084725004
565,0.10905943769809179,-0.13253168650255742,0.05147576109738128,0.2006358090751823,0.5380732449933787,3.0564793177752625
566,-0.4398550697948449,-0.9397858369553802,0.29082103966928896,-0.8014832298451324,-0.10705689065745783,2.926950405626606
567,-0.18651037499919387,0.0463227773310495,0.6998502051254547,0.8556418002613106,-0.47828567204009587,2.470210982058881
568,-0.4612754319125858,-0.7174833271312611,-0.6122575851732814,-0.41130775843014833,-0.2643758440064481,3.6851118711417876
569,0.4166633007913372,0.17815283381140534,0.7372664838814313,0.21259312676504694,0.6481751046450868,2.322224396023241
570,-0.7664498915608449,0.200820565518671,0.9667887425854766,0.6691647367942857,0.9459609029314144,2.3052361328363355
571,-0.8565389772610734,0.6797166073439824,0.5721534389052456,-0.24742286745376707,0.394947210031773,2.1457569190578205
572,-0.7503989659684303,-0.6839475835196527,0.6226382328766324,-0.46961860693910995,0.5765348654523608,2.6915225480514064
573,-0.0905671408696791,-0.9132358463370094,-0.13144014607020038,0.07523603714670513,0.7124573634990812,3.5712699269223522
574,0.6611708579291757,0.9566750683790748,-0.8557999125721307,0.28604900733846983,0.48912814059465703,3.3340943810100647
575,-0.2559205922645449,-0.10771466160401633,-0.21200443937622304,0.6977228858295126,0.6956639240423641,3.426612704755475
576,0.14848689762523093,0.7933797527958482,-0.7783650280481262,0.7519044662785652,-0.2810408584660964,3.390140454824773
577,0.610668358321278,0.3372063650085211,0.7637491509349945,-0.28848877119631156,0.31189158323512123,2.0587390724272834
578,-0.09499591789097561,0.027681286792482496,-0.888137885644237,0.19035757156092314,-0.2778418431995946,3.7112018077636773
579,-0.8732874181575909,-0.791000529406144,-0.47780201872910877,0.38539003989737575,-0.1302129914213328,3.8279680382301047
580,0.6950055331372931,-0.5631620160889803,-0.4498173651435049,-0.23377269443907922,0.5291472945148374,3.5584846745834904
581,0.2597509028531466,-0.16479504470778616,-0.4515592421555017,-0.615221519563937,0.452571998259774,3.292932688537071
582,0.43077652005567324,0.4256102097200365,-0.5106747700426166,0.8140667223935212,0.042127764387384525,3.367331372999073
583,-0.037708692507444574,0.07923868670218659,-0.038393033253166786,-0.521300772094214,-0.8989356475007959,2.7065217286520413
584,-0.5636812110090061,0.17145418501353205,-0.8181289987929499,-0.9151488447015399,0.2597990185685819,3.394543515514978
585,0.6775402182741437,0.6125576034686715,0.21277375013322608,-0.28037548286891156,-0.7862074478561356,2.285785564417505
586,0.275530194757758,0.8720082754887029,-0.8209378219525636,-0.4660734544210421,-0.748603880607337,3.0371167493525792
587,0.2786963725399654,0.4384859709317739,-0.4870898139398683,-0.049968788862800206,-0.9436392154230193,3.0267247427622053
588,0.9689657675452161,0.07999377111169781,0.024689213685533007,0.3615154195625929,-0.3321826048169212,2.888906775832995
589,0.2933539599936448,0.7426185515973462,0.1936141043166162,0.5835640121107235,-0.31916924096581667,2.520470612830579
590,-0.7627524473070868,0.40237107407036143,0.01218467910750154,0.5341850678532163,0.4598130290272937,2.952043572469989
591,-0.13551244004404084,-0.4944770938134164,-0.34421212348290386,-0.0838279709383869,-0.08592695383179638,3.43672950335567
592,0.2750722926179532,-0.5482918475631395,0.5960528655915522,0.7213098943309175,-0.6478493243205954,2.7634349222938495
593,-0.7425001615165603,-0.37334998675931774,0.42363099289213535,0.9474343345784111,0.8675741162758128,3.097920126289158
594,-0.8970318044758183,0.8218244391374847,0.7833208246267984,-0.8732117210896209,-0.31760771900282636,1.667178435671546
595,-0.2095805669691737,0.048605236534868146,0.5675006253883346,0.9318322546861209,-0.29545265515478114,2.623715264958007
596,0.6006550180624579,0.11573200027233344,0.8278381918274313,-0.663620728123129,-0.49753063712221235,1.9237932712753056
597,-0.21061972387962258,-0.41101380009085986,-0.8095792506461577,0.06078417984029838,0.09233990562352923,3.859583395568362
598,-0.3307955546500727,-0.6201668355598711,-0.8240531839575704,0.021876725067180747,-0.8164294836980865,3.862166097066764
599,-0.3726343484279353,0.5890937080191236,0.2915041660328399,0.7489914199914429,0.908337671750336,2.710773212391932
600,-0.004026030061289765,-0.9702574443033092,-0.5649761383844742,-0.3233473400569289,0.5091528313359377,3.8498516268779532
601,0.3292504063218016,-0.5689298305985797,0.6570769643791032,-0.2691540211037038,0.9029846856485502,2.650319302951724
602,-0.7419030876120059,0.7336045042653441,0.4870141998372297,-0.7453752119066441,-0.7718901632598978,1.938471329174774
603,-0.26702598593737625,0.07595455000152951,-0.9366386754696212,-0.6638228187029342,-0.6075047837601291,3.493308801574527
604,-0.6616731108612868,-0.8437213907926235,0.15337938649780658,0.1274817957399914,-0.6857140858233048,3.17207022943107
605,0.729567709500033,-0.6403950456286698,0.5170292849825522,0.7472681129573195,-0.1434616018121111,2.9185805398813436
606,-0.21871940658278044,-0.18397262887374133,0.02040085267298508,-0.6663302955891883,-0.8360096815448674,2.7558023309690567
607,-0.8724510874576816,0.025763489892065117,-0.6977022683956964,-0.3257081817553209,0.9419400796368298,3.589433016108599
608,0.3598965484748795,-0.5524723654807757,-0.3167793752742345,-0.924153284014122,0.3896603937975025,3.268346638406912
609,0.06646097370068649,0.5223841335648762,-0.01156552239768538,-0.20498807915607387,0.39022139506548825,2.696218892623228
610,-0.6185724785893691,-0.08014783487538946,-0.8298605465870188,0.004476976015675538,0.22311483510052832,3.742328880206399
611,0.8049929339711848,0.9110687310471024,-0.5931185585585024,-0.38228592022741203,-0.1748584518518037,2.884895919893379
612,-0.2563643436671519,0.14443227931955827,0.40397525154516134,0.803545857866494,0.9932496724823972,2.83603518346947
613,-0.14925028869967116,0.7238841262816067,0.06611080651252688,-0.27002778656815196,-0.4271911494760625,2.4377250795532857
614,0.9107941486211177,0.19975194338149604,-0.008677736162201244,-0.820245434174234,0.7435541543520467,2.69783886765317
615,0.3786190587651157,-0.7626228267181674,0.12678233040389575,-0.7319957281239748,-0.8748995952814618,2.8854367878981817
616,-0.13247153545801016,-0.8441500624437865,0.26893623562489233,0.19455182226753198,0.986283732046557,3.254000115781465
617,0.22260886194893237,-0.6324289386627637,0.37808682407850847,-0.5632614510731875,0.15287704876164465,2.7701119685144238
618,0.4561397792852129,-0.20370097987395797,-0.7980624215942629,0.5007239550675482,-0.23783147992628595,3.7973209540268322
619,-0.15928079255452943,-0.7543947428476614,0.3368729995351494,0.39722273806169883,0.7000209287380397,3.172230779105826
620,0.6812110929588482,-0.9071077296208838,0.7281459196468079,-0.45737767962047093,-0.7529337744858002,2.4992059176694386
621,0.7678888925914806,-0.660213801634294,0.00868647335817041,-0.5477675097597574,0.21339502226502183,3.0913418517557485
622,-0.0523552895468844,-0.06977291605124414,-0.005503130028860825,0.5548488190632157,-0.8736832812103505,3.011817123911836
623,-0.33867382137929325,0.24967771577569664,0.12399019800050404,0.0665368424542725,-0.9796413600577376,2.633591638885555
624,0.9758758989078771,-0.13661846669124955,0.7854862321382612,-0.7803880703879067,-0.2327386173831505,2.062617645912032
625,0.04085804418826866,0.7710497919944921,-0.22699368313108814,0.5911524791487612,0.3379797820763941,2.957267124693608
626,0.3960584281626338,-0.3375675120536361,-0.5967437252414549,0.0017047052063356993,-0.07967200333853319,3.583256998710863
627,0.14710324384594675,-0.8139381510430106,-0.1956055446731646,0.9895260116696691,0.16279841494088276,3.7324989774884063
628,-0.3266978998733159,0.10402127072680378,0.2893639011098481,-0.9409193636546975,0.6420226160626334,2.493112259550604
629,-0.9116310365816174,-0.8541917095820806,-0.09587845691838592,0.49422698263545484,0.11579693666766078,3.5817516492804606
630,-0.2091755875391177,0.7557326519954823,0.6133332302162899,-0.7998480121970966,0.28471709053141847,1.9021839639992217
631,0.9009319250373289,0.6043323079333922,-0.2378791681988761,-0.013527133903422195,-0.39926120803144327,2.7790716054844897
632,0.33061040526672625,-0.38015948940891287,0.6027874057164924,0.8017725821539063,-0.37405916798537353,2.7281654744235913
633,0.9516462161411068,0.151837618854328,0.0036153536906091688,0.31254779340192473,0.5567792015471889,2.962278919560897
634,0.5272241187477009,-0.2259575986538067,-0.08006521550724477,0.40850116110918355,-0.07704901725626478,3.178281730910411
635,-0.39025199013781875,0.6491986975574675,0.3213590251310534,-0.06087389256784581,0.37411412673665145,2.4012204903241368
636,0.8811726700024591,0.2661758715005875,-0.3648759639894912,-0.18934725487233628,-0.10591219862726886,3.0355212959763835
637,-0.7379047753097778,-0.46883307033116894,-0.36383176404819806,0.28073373534266755,-0.26490254993256857,3.534986727443595
638,-0.7486341787439701,0.1161434906615364,-0.15912556074470618,0.020228034284911045,-0.4375412585891645,3.0062243873035763
639,-0.6005721055257556,-0.5620490430670961,0.47540132856511574,0.4680584108224426,0.17757323290630045,2.9404035814349543
640,-0.4667321075452915,0.36177891747747815,0.7313383165389173,0.5597744259294868,0.5448812200601545,2.351529321853961
641,0.540089465279024,-0.6256972886924008,0.46117593679512225,0.4297614948292281,0.06748787203757334,2.91421411026007
642,-0.9143156942749022,-0.7596064645845269,0.6614780530694684,-0.23827520059224727,-0.8073469960973652,2.600885781633698
643,-0.7192261367928303,-0.5686398175748593,-0.7159074536461478,-0.515821723373435,0.5352304834297532,3.780816991106374
644,0.7571377889293243,-0.2697656041109202,-0.9655984377391016,0.6615328654328736,-0.9771813953149335,3.917118197415326
645,0.1493165528576783,0.8066319785715075,0.6266914020992103,-0.7321779036584664,0.1474995738549687,1.8537970964706882
646,-0.4291269687927797,-0.27358252150166273,0.649757199424966,-0.23705313177520293,-0.7189226869936773,2.377916896823489
647,-0.20868157747979765,-0.7491726444583968,-0.28635600222248714,-0.649369845716411,-0.930623578456776,3.2747626261947076
648,-0.22911027582870247,-0.1750129376846168,-0.9101686339984303,-0.32826274447184445,-0.27149596514205143,3.7035370645737924
649,0.1938431119345816,-0.708347831073632,-0.9360206921857328,-0.8394646795375516,-0.5267047287713154,3.801349674315034
650,0.18078755796803758,-0.7343080865826521,-0.5732937658216983,-0.011853190889645315,-0.42916244576309026,3.711861951533452
651,0.266824204024422,-0.3185245978826232,0.08882345546256687,0.49596410455656215,0.8704789770326631,3.212342555710186
652,-0.5407915023159469,-0.10457691144195813,0.4798002623800517,0.19332805638869277,-0.5095914350799569,2.579986513374578
653,0.7028949539632283,0.08723924041321007,-0.14510626409986593,0.14671096503043213,0.3394060093965483,3.0662559604221014
654,-0.8724628711753062,0.3121347616956853,-0.4725735894445884,-0.09336146679396551,-0.6028137444315886,3.1464484146122746
655,0.8002417843291585,-0.5097944923086071,0.3899432852302891,-0.5759691418610307,0.0376807640445993,2.6640511756378835
656,0.738827983169339,-0.009395098509276334,0.8037725605175661,0.8280902311610436,0.5987546499470608,2.4820876493286446
657,-0.6744235326754142,-0.46231738444141746,-0.3798701763643404,0.45605667065548383,0.540918935997998,3.6760571114351324
658,-0.06546695675940772,-0.5179818685897328,0.8711739951682735,-0.032491457181738514,-0.9996403199939399,2.302246987971051
659,-0.37592333303228753,-0.48381040134762143,0.3169109302538837,0.9840774735007971,0.37573233316794985,3.180279753159099
660,-0.3085228791968313,0.3120874992813183,-0.7693301583525975,-0.772036056391127,-0.3547162229667069,3.2433343419109537
661,0.4629588896176655,0.40503145094113635,0.9474666938268264,-0.9977104684611782,-0.5817609632939755,1.6019184895713183
662,-0.7522681458672988,0.845642811399542,0.3777076196332092,-0.6248594795081681,-0.6227397154156751,2.0280095042179593
663,-0.2669097373769851,0.9474156686430113,0.6408980478420465,0.9441958368611882,-0.704731175712112,2.106082222449884
664,0.9318857500713142,0.09428147043131196,-0.31030333376940344,-0.49498917884491234,0.1623576436841312,3.0209406732569652
665,-0.36668830214454284,-0.31084843990207034,0.3029043537253122,-0.4444576154597071,0.9832185604122172,2.8328430487419176
666,-0.10539163221571979,0.5866558491024148,0.2978027251936002,-0.17955099697060195,0.6413756932709893,2.4398856541595317
667,-0.2342938448609615,0.9438440880879551,-0.9030005313912499,0.5713780664551844,0.38949134864746204,3.4754086720204764
668,0.3195936129650876,0.07430748616578975,0.912513299885612,-0.013828886312208244,0.5680389478026935,2.1580985912711093
669,0.10230434154650059,-0.511937601900817,-0.3154943964379433,-0.6105814045062532,-0.17403165905615214,3.272267058676933
670,-0.34577274639699196,0.7009239660737709,-0.01894099973696406,0.4259638575493436,0.5021682298786541,2.803142125185037
671,-0.8197100661249082,-0.5692642264120729,-0.9065838076363457,-0.8577821047580168,-0.35474325347451274,3.7676477457824156
672,0.5368782922601969,0.9098591186644249,-0.9181856637655692,-0.11307984513098401,0.7271003834297798,3.3442205528931184
673,0.253438073695049,0.7583853203207738,-0.7182884664257543,0.6061221219584061,-0.4271066012764755,3.298160708609804
674,0.2805535185575023,-0.341308920865655,0.30623006265183994,-0.9274345567961026,0.5828153843950701,2.6555163377345172
675,-0.12140409622085957,0.5197194001536125,0.06364687059615637,0.7505204516140414,-0.45238101055902846,2.7781395626103005
676,0.5991274417232448,-0.45883974674560113,-0.8959274559162831,-0.47434230290804913,0.7042458010065205,3.8618418871927016
677,-0.14009551799419628,0.4390309355188353,-0.9624632990773538,0.07265419291776998,-0.4814597548747128,3.5367115579634687
678,-0.37726127544611243,-0.7383968657879116,0.20281463444335945,-0.8341755214209281,0.9791124517811678,3.0214586126702963
679,-0.2266710039646329,0.02146656137757197,-0.831675795303467,-0.9919720387115303,-0.2642719589736775,3.3843749829855696
680,-0.5013519565576716,-0.5463223068284087,0.0019091149843433186,0.10931245246497912,-0.39434391014035874,3.188083350864689
681,-0.9769545963206023,0.10495332159825321,-0.8975268559538792,-0.759165120437248,0.3460768746491174,3.558245852921642
682,0.6609924829323177,0.7091553220281328,-0.36979272062330226,0.2661570665955004,0.6522596151053348,3.0404174130103017
683,0.5294978576720684,-0.8095288726476653,0.7157338963659556,0.9113294435767554,0.5704359518453594,2.9521201145141167
684,0.6990939118712034,0.40721359236707766,0.7341732520983313,0.28344701673906725,0.6547279355736686,2.226027967865768
685,-0.1473552702560521,0.4893419499932625,-0.5187347320642208,-0.2954148447922853,0.6992690145651212,3.171956647816718
686,0.5910121415420759,0.8944867052861956,0.7416795814526362,0.2530564283565151,0.18038021801743853,1.9392353635354622
687,0.9024047222042562,-0.284050999681527,0.803548353445148,0.3169533647321152,0.6073431258462554,2.4786694356603234
688,0.06153349680999454,0.5178462665529941,-0.9575708887622467,-0.13586328612076426,0.2998012505904146,3.5246639506535757
689,-0.10621007863706655,-0.10792942526389715,-0.8688861493108007,-0.7836355375030986,-0.8831197746819699,3.4527692454948733
690,0.8276633971068998,-0.029077061708856045,-0.10966790270039284,-0.6210350229657102,0.6710849090554274,2.93434857852408
691,0.9050632715533826,-0.5263392714957278,0.5806053007232475,-0.3501570741494273,0.7346953475109277,2.635129042629014
692,0.5377960786871894,0.8392921644271563,0.05173358970143682,0.244966636761778,-0.8834992217662005,2.4435208686387986
693,0.067044818982396,-0.666429372251351,0.8482527597685134,0.10727680022588881,0.6853344197554279,2.6074418894930607
694,0.8611128520427831,-0.3331544134017568,0.6149525115668051,-0.49907742224267304,-0.3999966993400583,2.3551618214669703
695,0.8982540257869298,-0.7923291109937054,-0.5667720095163762,-0.36447201719218625,-0.5709684830278017,3.6022317180287833
696,-0.23381327932640183,0.3327947123683124,0.4988196359360533,0.210085460248018,0.9269884363979084,2.5145036872555235
697,-0.8393942569696062,-0.017409419713755092,0.9795090381007998,-0.05478672272529117,-0.24307627504009743,2.0885412735135453
698,-0.7997047164708968,0.1731689850287177,0.6106316002002674,-0.2862854376938484,0.6349903151252065,2.360617615257027
699,0.5332616428785888,0.8263031401540357,-0.6965297854119488,-0.6657996530186803,0.08722280394742588,2.9848133423868775
